Id,Link
0,"https://www.onet.pl/informacje/onetwiadomosci/koronawirus-lukasz-szumowski-w-szpitalu-nieoficjalnie/rzy3tcq,79cfc278"
1,"https://www.onet.pl/informacje/onetwiadomosci/koronawirus-wynik-testu-morawieckiego-ujemny-ale-pozostaje-na-kwarantannie/6p630hk,79cfc278"
2,"https://www.onet.pl/informacje/onetwarszawa/koronawirus-w-polsce-co-z-miejscami-dla-chorych-lekarz-komentuje/jbtc128,79cfc278"
3,"https://www.onet.pl/sport/onetsport/polonia-warszawa-gregoire-nitot-o-inwestycji-w-warszawski-klub/bxqq4xk,d87b6cc4"
4,"https://www.onet.pl/informacje/onetwiadomosci/protesty-na-bialorusi-sierakowski-zaplonely-opony-i-znow-padly-strzaly-w-minsku/zd0h4ps,79cfc278"
5,"https://www.onet.pl/kultura/onetkultura/maja-komorowska-odmowila-udzialu-w-kongresie-kultury-chrzescijanskiej-na-kul/f6qd42h,681c1dfa"
6,"https://www.onet.pl/informacje/onetszczecin/detonacja-bomby-tallboy-piec-rzeczy-ktore-trzeba-wiedziec/jjk0ep3,79cfc278"
7,"https://www.onet.pl/informacje/onetwiadomosci/beata-morawiec-bez-immunitetu-europejscy-sedziowie-wydali-oswiadczenie/8sxtsfb,79cfc278"
8,"https://www.onet.pl/turystyka/onetpodroze/51-letnia-polka-pobila-dwie-inne-pasazerki-podczas-lotu-z-egiptu/p23zhff,07640b54"
9,"https://www.onet.pl/informacje/onetwiadomosci/prezes-cedrobu-do-dziennikarza-onetu-z-kim-walczysz-ile-ci-placa/ejswsmb,79cfc278"
10,"https://www.onet.pl/informacje/onetwiadomosci/zabojstwo-gen-papaly-obronca-patyka-wnosi-o-uniewinnienie/519dtty,79cfc278"
11,"https://www.onet.pl/informacje/onetwiadomosci/jutro-w-onecie/4hp67fq,79cfc278"
12,"https://www.onet.pl/informacje/onetwiadomosci/koronawirus-wynik-testu-morawieckiego-ujemny-ale-premier-pozostaje-na-kwarantannie/6p630hk,79cfc278"
13,"https://www.onet.pl/informacje/onettrojmiasto/neutralizacja-tallboya-bomba-zdetonowana-wybuch-pod-kontrola/gmsxnxz,79cfc278"
14,"https://www.onet.pl/informacje/onetwiadomosci/bialorus-cichanouska-stawia-ultimatum-lukaszence/p82smxy,79cfc278"
15,"https://www.onet.pl/informacje/onetwiadomosci/tusk-o-slowach-kaczynskiego-myslalem-ze-niczym-mnie-juz-nie-zaskoczy/4bs9pyp,79cfc278"
16,"https://www.onet.pl/informacje/onetwiadomosci/koronawirus-w-polsce-kolejne-obostrzenia-wicepremier-podal-date/7fn6zrj,79cfc278"
17,"https://www.onet.pl/informacje/onetwiadomosci/koronawirus-w-polsce-prezes-nrl-zada-przeprosin-od-wicepremiera-jacka-sasina/1zzytv3,79cfc278"
18,"https://www.onet.pl/informacje/onetwiadomosci/sondaz-kantar-pis-36-proc-ko-28-proc-ruch-2050-9-proc/4t4qkgh,79cfc278"
19,"https://www.onet.pl/informacje/onetwiadomosci/jaroslaw-kaczynski-dla-gpc-o-naciskach-ze-strony-ue-i-glosowaniu-ws-budzetu-bedzie/5jr57rv,79cfc278"
20,"https://www.onet.pl/informacje/onetlublin/kul-odwolany-wyklad-to-protest-w-obronie-ks-alfreda-wierzbickiego/slprs1c,79cfc278"
21,"https://www.onet.pl/styl-zycia/fajnyogrod/masz-winogrona-w-ogrodzie-wazny-zabieg-ktorego-nie-mozna-pominac/0nfxjbl,30bc1058"
22,"https://www.onet.pl/muzyka/onetmuzyka/byla-namietna-bardzo-nieletnia-panasewicz-odpowiada-na-zarzuty/8wt92qq,681c1dfa"
23,"https://www.onet.pl/styl-zycia/onetdom/rasy-psow-agresywnych-lista/mtjfgtr,2b83378a"
24,"https://www.onet.pl/muzyka/onetmuzyka/maciej-malenczuk-to-juz-nie-jest-moj-swiat-wywiad/cthw11m,681c1dfa"
25,"https://www.onet.pl/styl-zycia/onetdziecko/ksiezna-kate-jest-w-czwartej-ciazy/cy2b503,2b83378a"
26,"https://www.onet.pl/informacje/historiaorg/10-przypadkow-gdy-to-przyroda-wplynela-na-dzieje-swiata/wn01cj4,30bc1058"
27,"https://www.onet.pl/styl-zycia/onetkobieta/koronawirus-czy-chorzy-na-covid-19-powinni-kontrolowac-saturacje-krwi/7emq33k,2b83378a"
28,"https://www.onet.pl/informacje/korsopl/szesc-kul-w-glowie-kobiety-znalezionej-nad-wisla-dalszy-ciag-rodzinnego-dramatu-na-podkarpaciu/5yp48nq,30bc1058"
29,"https://www.onet.pl/styl-zycia/kb/17-najczestszych-bledow-przy-budowie-domu-ktore-moga-sporo-kosztowac/sf5tpgf,30bc1058"
30,"https://www.onet.pl/sport/onetsport/reprezentacja-polski-u-21-maciej-stolarczyk-zastapi-na-stanowisku-czeslawa/6384syb,d87b6cc4"
31,"https://www.onet.pl/styl-zycia/onetmoda/historia-sukienki-zemsty-kultowa-kreacja-ksieznej-diany-zdjecia/r92k06d,2b83378a"
32,"https://www.onet.pl/informacje/historiaorg/prawo-pierwszej-nocy-fakty-i-mity/dbxb1hj,30bc1058"
33,"https://www.onet.pl/informacje/onetwiadomosci/minister-zdrowia-odwolal-wizyte-w-mediach-przyczyna-tragedia-osobista/yme957y,79cfc278"
34,"https://www.onet.pl/sport/handballnews/bramkarz-reprezentacji-polski-zakazony/jlh9z77,30bc1058"
35,"https://www.onet.pl/styl-zycia/aniaradzi/jak-wyczyscic-komin-o-tym-warto-pamietac/0krvs1n,30bc1058"
36,"https://www.onet.pl/informacje/onetwiadomosci/protesty-na-bialorusi-maryja-kalesnikawa-odmowila-udzialu-w-spotkaniu-z-lukaszenka/rgmgfl3,79cfc278"
37,"https://www.onet.pl/styl-zycia/onetfacet/kinder-kl-litzmannstadt-przez-maly-oswiecim-przeszly-tysiace-polskich-dzieci/8wlzb62,86cd1308"
38,"https://www.onet.pl/biznes/biznesalert/wplyw-dewiz-do-rosji-ze-sprzedazy-weglowodorow-spadl-do-poziomu-z-2004-r/0z0s946,30bc1058"
39,"https://www.onet.pl/informacje/onetwiadomosci/koronawirus-klotnia-dudy-i-nizinkiewicza-na-twitterze-pan-manipuluje/67wzy80,79cfc278"
40,"https://www.onet.pl/styl-zycia/damosfera/10-objawow-niskiej-samooceny/5q1t4kq,30bc1058"
41,"https://www.onet.pl/informacje/radiobielsko/utrudnienia-w-ruchu-w-hazlachu-od-poniedzialku-az-do-grudnia/ds7x1fp,30bc1058"
42,"https://www.onet.pl/informacje/radiolodz/branza-it-szuka-pracownikow-zacznij-kariere-od-nowa/7m058w1,30bc1058"
43,"https://www.onet.pl/styl-zycia/kobietaxl/zwykla-grypa-zrobila-z-mojego-syna-kaleke/366fkv6,30bc1058"
44,"https://www.onet.pl/styl-zycia/mumandthecity/10-rzeczy-ktorych-nie-powinnismy-nigdy-mowic-tacie-ani-o-tacie/k3y7v3v,30bc1058"
45,"https://www.onet.pl/styl-zycia/onetkobieta/co-widzisz-na-tym-obrazku-twoja-odpowiedz-ujawni-prawde-o-twoim-zyciu-milosnym/qrb5xzz,2b83378a"
46,"https://www.onet.pl/turystyka/onetpodroze/peru-czekal-siedem-miesiecy-by-zwiedzic-machu-picchu-otwarto-je-tylko-dla-niego/qx8ftkt,07640b54"
47,"https://www.onet.pl/turystyka/onetpodroze/nauczyciel-jaroslaw-foltynski-o-wycieczkach-szkolnych-w-czasach-epidemii/00kgqdt,07640b54"
48,"https://www.onet.pl/sport/goal/sedzia-pod-ostrzalem-czyli-dlaczego-wojciech-myc-poprowadzi-superpuchar/7mlt6p1,30bc1058"
49,"https://www.onet.pl/styl-zycia/onetdziecko/doradztwo-zawodowe-jak-ten-przedmiot-wyglada-w-szkolach/fq6l8c3,2b83378a"
50,"https://www.onet.pl/turystyka/onetpodroze/koronawirus-urugwaj-maly-kraj-ktory-zatrzymal-covid-19/n3cs7ds,07640b54"
51,"https://www.onet.pl/turystyka/onetpodroze/pomniki-lenina-bismarcka-i-wilhelma-i-w-polskich-gorach-jak-powstaly-gdzie-sa/sr1m3yw,07640b54"
52,"https://www.onet.pl/styl-zycia/onetkobieta/koronawirus-kiedy-mozliwe-jest-zwolnienie-lekarskie-z-noszenia-maseczki/stgs62y,2b83378a"
53,"https://www.onet.pl/styl-zycia/fabrykasily/wsparcie-zywieniowe-w-kontuzjach-co-trzeba-wiedziec/4hk3css,30bc1058"
54,"https://www.onet.pl/turystyka/onetpodroze/zrodlo-sw-huberta-w-uhryniu-woda-jest-skazona/zlds56q,07640b54"
55,"https://www.onet.pl/styl-zycia/kobietaxl/trzy-znaki-zodiaku-ktore-maja-wiecej-szczescia-w-zyciu-niz-inne/rt6g3wk,30bc1058"
56,"https://www.onet.pl/informacje/tuwroclaw/pranie-pieniedzy-i-wyludzenia-vat-na-ponad-209-mln-zl/b247k2p,30bc1058"
57,"https://www.onet.pl/styl-zycia/ekologiapl/najzdrowszy-pokarm-swiata-najlepiej-postawic-na-domowa-uprawe/cxyydvh,30bc1058"
58,"https://www.onet.pl/styl-zycia/onetkobieta/kuzynka-magdaleny-zawadzkiej-robi-kariere-w-australii-kim-jest-magda-szubanski/lnl1zqb,2b83378a"
59,"https://www.onet.pl/kultura/onetkultura/koronawirus-w-polsce-konrad-imiela-w-szpitalu-moje-pluca-wymagaja-opieki/0tg5nwn,681c1dfa"
60,"https://www.onet.pl/styl-zycia/onetkobieta/poznan-z-zoo-uciekl-manul-przedstawiciel-zagrozonego-gatunku/g789sdp,2b83378a"
61,"https://www.onet.pl/sport/onetsport/szachy-jan-krzysztof-duda-wygral-drugi-raz-w-siodmej-rundzie/wkt3h1d,d87b6cc4"
62,"https://www.onet.pl/informacje/estargard/wraki-znikaja-z-ulic-miasta/j5k43rc,30bc1058"
63,"https://www.onet.pl/styl-zycia/onetkobieta/hanna-lis-uderza-w-przemyslawa-czarnka-chodzi-o-wizyty-w-szpitalu-wspomina-smierc/rxq68qg,2b83378a"
64,"https://www.onet.pl/informacje/onetbialystok/oszustwa-na-wnuczka-sad-zdecydowal-o-aresztowaniu-swiadkow-ktorzy-unikaja/c4cycx9,79cfc278"
65,"https://www.onet.pl/informacje/beskidynews/nocne-poszukiwania-na-babiej-gorze/9mf2psk,30bc1058"
66,"https://www.onet.pl/styl-zycia/onetzdrowie/widzialem-urwane-glowy-zbieralem-urwane-nogi-ratownik-medyczny-w-szczerym-wywiadzie-o/kehzzy4,2b83378a"
67,"https://www.onet.pl/kultura/onetkultura/joachim-brudzinski-chcialbym-przeprosic-wszystkich-ludzi-kultury/80dt7sy,681c1dfa"
68,"https://www.onet.pl/styl-zycia/kobietaxl/ryzowy-pudding-deser-popularny-na-calym-swiecie/s66v8w3,30bc1058"
69,"https://www.onet.pl/turystyka/onetpodroze/poludniowy-tyrol-historia-dolomity-jezioro-braies-agroturystyki/twq4pmw,07640b54"
70,"https://www.onet.pl/styl-zycia/blimsien/zlote-mleko-ajurwedysjki-sposob-na-odpornosc/39ll1dl,30bc1058"
71,"https://www.onet.pl/sport/onetsport/polska-bosnia-i-hercegowina-brzeczek-zabral-glos-nt-lewandowskiego/v4pzjmp,d87b6cc4"
72,"https://www.onet.pl/sport/onetsport/polska-bosnia-i-hercegowina-semir-stilic-o-lechu-brzeczku-i-wojnie-or-liga-narodow/lv0kp4s,d87b6cc4"
73,"https://www.onet.pl/sport/onetsport/kiedy-znow-zagra-iga-swiatek-pewnie-chce-aby-turniej-byl-znow-jesienia/cdcwtsg,d87b6cc4"
74,"https://www.onet.pl/sport/onetsport/liga-narodow-co-sie-dzieje-z-grzegorzem-krychowiakiem/28l2cwm,d87b6cc4"
75,"https://www.onet.pl/sport/onetsport/wioslarstwo-natan-wegrzycki-szymczyk-z-medalem-me-po-nim-rozpetala-sie-burza/3we9v76,d87b6cc4"
76,"https://www.onet.pl/sport/onetsport/liga-narodow-jakub-moder-oto-najwieksze-polskie-objawienie/shmljhf,d87b6cc4"
77,"https://www.onet.pl/sport/onetsport/transfery-arkadiusz-milik-zdradza-czemu-nie-odszedl-z-napoli-serie-a/8536xp7,d87b6cc4"
78,"https://www.onet.pl/sport/naszosie/giro-ditalia-sagan-ucisza-krytykow/2b33fw6,30bc1058"
79,"https://www.onet.pl/sport/onetsport/koronawirus-cristiano-ronaldo-chory-na-covid-19-opusci-mez-portugalii/egysjbm,d87b6cc4"
80,"https://www.onet.pl/sport/kolarsko/giro-ditalia-sagan-w-koncu-dopial-swego/7j5d8r1,30bc1058"
81,"https://www.onet.pl/sport/onetsport/u-21-polska-bulgaria-co-musi-sie-stac-aby-polacy-awansowali/n6qs0vx,d87b6cc4"
82,"https://www.onet.pl/sport/onetsport/marek-kozminski-wchodzi-do-gry-w-wyborach-prezesa-pzpn/8rl7qxk,d87b6cc4"
83,"https://www.onet.pl/sport/przeglad-sportowy/zuzel-gkm-grudziadz-zostawi-w-skladzie-romana-lachbauma/w3edclk,5e4c2379"
84,"https://www.onet.pl/biznes/biznesalert/komisja-chwali-porozumienie-rzadu-z-gornikami-i-porozmawia-o-wydzieleniu-aktywow/et4dqjz,30bc1058"
85,"https://www.onet.pl/informacje/onetwarszawa/koronawirus-warszawa-bedzie-czerwona-strefa-wszystko-na-to-wskazuje/5r89etc,79cfc278"
86,"https://www.onet.pl/informacje/onetwarszawa/koronawirus-warszawa-sypia-sie-mandaty-za-brak-maseczek-ile-osob-ukarano/kpr7hw3,79cfc278"
87,"https://www.onet.pl/informacje/onetwarszawa/protest-rolnikow-warszawa-taksowkarze-zablokowali-aleje-jerozolimskie/w6rnqll,79cfc278"
88,"https://www.onet.pl/kultura/onetkultura/alicja-knast-dyrektorka-generalna-galerii-narodowej-w-pradze/8fnqcph,681c1dfa"
89,"https://www.onet.pl/kultura/onetkultura/romuald-szeremietiew-zwolniony-za-slowa-o-lgbt-dehnel-milo-pomarzyc/wgf52jn,681c1dfa"
90,"https://www.onet.pl/kultura/onetkultura/krolowe-zycia-bohaterka-programu-joanna-p-oskarzona-sa-nowe-fakty/8978qel,681c1dfa"
91,"https://www.onet.pl/film/onetfilm/kasta-czyli-paraprodukcja-paraserialu-o-paraadwokatach-z-paraemocjami-i-parasensem/dgnyz2l,681c1dfa"
92,"https://www.onet.pl/film/onetfilm/the-crown-oficjalny-zwiastun-4-sezonu-kiedy-premiera-informacje/29v8ghe,681c1dfa"
93,"https://www.onet.pl/film/onetfilm/andrzej-saramonowicz-mocno-na-temat-maseczek-wychowalismy-skur/kq1tllr,681c1dfa"
94,"https://www.onet.pl/styl-zycia/onetdom/10-wzorow-rolet-rzymskich-idealnych-do-kuchni/cebj2mn,2b83378a"
95,"https://www.onet.pl/styl-zycia/onetmoda/botki-na-plaskiej-podeszwie-jesienia-postaw-na-wygode/b7lbzr5,2b83378a"
96,"https://www.onet.pl/styl-zycia/onetmoda/czarne-ubrania-na-jesien-2020/hljy8yb,2b83378a"
97,"https://www.onet.pl/styl-zycia/onetmoda/jak-nosic-spodnie-z-wysokim-stanem/05jm264,2b83378a"
98,"https://www.onet.pl/turystyka/onetpodroze/eid-mar-jedna-z-najcenniejszy-monet-na-swiecie/2p9gnd5,07640b54"
99,"https://www.onet.pl/turystyka/onetpodroze/wlochy-inwazja-pawi-kolo-rawenny/dvle7x1,07640b54"
100,"https://www.onet.pl/biznes/biznesalert/przybyszewski-wizja-osi-chiny-iran-rosja-moze-sie-nie-spelnic/th804r3,30bc1058"
101,"https://www.onet.pl/sport/hokejnet/holandia-koronawirus-sparalizowal-hokej/77np9qj,30bc1058"
102,"https://www.onet.pl/informacje/radiolodz/lodz-nisko-w-rankingu-inwestycji/7081kcj,30bc1058"
103,"https://www.onet.pl/sport/onetsport/michal-listkiewicz-czeslaw-michniewicz-ma-za-soba-zly-piatek-legia-warszawa/2z7pjct,d87b6cc4"
104,"https://www.onet.pl/sport/mmarocks/najpierw-odmowa-a-potem-mistrzostwo/6e27m95,30bc1058"
105,"https://www.onet.pl/informacje/onetslask/tarnowskie-gory-lekarze-usuneli-pacjentce-guza-wazacego-17-kilogramow/n9w2evr,79cfc278"
106,"https://www.onet.pl/informacje/radiolodz/parlamentarzysci-z-woj-lodzkiego-rok-po-wyborach/dehd4f9,30bc1058"
107,"https://www.onet.pl/sport/przeglad-sportowy/zuzel-reprezentanci-polski-pojechali-na-darmo-trening-kadry-odwolany/s6kdljz,5e4c2379"
108,"https://www.onet.pl/sport/przeglad-sportowy/zuzel-nowe-warunki-finansowe-w-pge-ekstralidze/yr8p2p6,5e4c2379"
109,"https://www.onet.pl/styl-zycia/blimsien/jak-korzystac-z-mocy-kamieni-mineralow-i-krysztalow/pwx08cm,30bc1058"
110,"https://www.onet.pl/informacje/radiobielsko/splonela-stodola/6xtnn6v,30bc1058"
111,"https://www.onet.pl/styl-zycia/fajnyogrod/posadz-go-juz-teraz-by-wiosna-cieszyc-sie-oryginalnie-kwitnaca-roslina/wy09ep7,30bc1058"
112,"https://www.onet.pl/informacje/onetwiadomosci/koronawirus-w-polsce-problemy-w-szkolach-dyrektorzy-sami-zmieniaja-tryb-pracy/147t7n6,79cfc278"
113,"https://www.onet.pl/informacje/beskidynews/koronawirus-ognisko-w-kamesznicy/vnhsdem,30bc1058"
114,"https://www.onet.pl/informacje/gorzowianincom/zmarli-kolejni-pensjonariusze-dps-w-zielonej-gorze/pebx7x2,30bc1058"
115,"https://www.onet.pl/sport/przeglad-sportowy/polska-wlochy-spisalismy-sie-dobrze-w-lidze-narodow-or-felieton-kamila-kosowskiego/j8rv85f,5e4c2379"
116,"https://www.onet.pl/informacje/korsopl/koronawirus-w-domu-pomocy-spolecznej-w-mielcu/ltx2p7x,30bc1058"
117,"https://www.onet.pl/sport/goal/benrahma-antidotum-na-gole-dla-west-hamu/23f8ez5,30bc1058"
118,"https://www.onet.pl/film/serialowa/nawiedzony-dwor-w-bly-to-pelen-emocji-miks-horroru-i-romansu/tbswn52,30bc1058"
119,"https://www.onet.pl/styl-zycia/onetkobieta/malopolska-chora-na-covid-19-uciekla-ze-szpitala-interweniowala-policja/b3e12vd,2b83378a"
120,"https://www.onet.pl/informacje/onetkielce/policja-apeluje-do-kierowcow-o-ostroznosc-we-wtorek-ponad-20-kolizji-i-wypadkow/rbd98yn,79cfc278"
121,"https://www.onet.pl/sport/goal/real-bez-klopotow-w-bramce/f1kz01m,30bc1058"
122,"https://www.onet.pl/informacje/radiolodz/kierujacy-bez-uprawnien-uderzyl-w-drzewo-przy-ul-starorudzkiej-w-lodzi/bd7f5mh,30bc1058"
123,"https://www.onet.pl/styl-zycia/onetkobieta/wolomin-wlasciciel-kamienicy-zaspawal-mieszkancom-drzwi/vngcmrk,2b83378a"
124,"https://www.onet.pl/informacje/radiolodz/noc-ksiegarn-literackie-wydarzenie-dla-doroslych-i-dzieci/xj3h9jk,30bc1058"
125,"https://www.onet.pl/informacje/historiaorg/anna-boleyn-byla-siostra-z-piekla-rodem/c7styj7,30bc1058"
126,"https://www.onet.pl/sport/goal/southgate-nie-ryzykuje-zdrowia-zawodnika/994qnk5,30bc1058"
127,"https://www.onet.pl/styl-zycia/kotypl/koty-czynia-nas-lepszymi-ludzmi-czego-mozemy-sie-od-nich-nauczyc/kwmkfhh,30bc1058"
128,"https://www.onet.pl/muzyka/onetmuzyka/kuba-strzyczkowski-prezesem-radia-357-gdzie-sluchac-radia-357/fhvqdf2,681c1dfa"
129,"https://www.onet.pl/informacje/onetwiadomosci/nagroda-nobla-z-ekonomii-2020-noblista-puka-noca-do-noblisty/ywt3g21,79cfc278"
130,"https://www.onet.pl/styl-zycia/whitemad/betonowy-dom-na-skraju-lasu-odwaga-smialosc-bunt/ps431t9,30bc1058"
131,"https://www.onet.pl/informacje/dsi/drawsko-pomorskie-zlodzieje-podczas-ucieczki-potracili-policjanta/vy4wxwb,30bc1058"
132,"https://www.onet.pl/styl-zycia/kobietaxl/mozna-bez-problemu-kupic-w-internecie-swiadectwo-bierzmowania-chcialbym-jednak-przed-tym-przestrzec/y1gc7rb,30bc1058"
133,"https://www.onet.pl/styl-zycia/oneturoda/dopasowanie-ksztaltu-brwi-do-twarzy-porady/gvvjl,2b83378a"
134,"https://www.onet.pl/styl-zycia/onetkobieta/koronawirus-czy-maseczki-chronia-przed-zakazeniem-nowe-badania/chhf363,2b83378a"
135,"https://www.onet.pl/informacje/beskidynews/ogloszono-pogotowie-przeciwpowodziowe/398dz4b,30bc1058"
136,"https://www.onet.pl/styl-zycia/ckmpl/jak-aktorzy-uzyskuja-spektakularne-miesnie-nie-stoi-za-tym-zaden-trener/nxg1jxs,30bc1058"
137,"https://www.onet.pl/informacje/radiobielsko/brak-maseczek-posypaly-sie-mandaty-i-wnioski-do-sadu/v7kxk99,30bc1058"
138,"https://www.onet.pl/styl-zycia/kotypl/dlaczego-koty-kochaja-pudelka-i-inne-male-przestrzenie/fk8cyqk,30bc1058"
139,"https://www.onet.pl/styl-zycia/mumandthecity/10-zasad-wnetrzarskich-ktore-swiadomie-zlamalam-bo-tak-jest-ciekawiej/h1tdzq7,30bc1058"
140,"https://www.onet.pl/styl-zycia/onetkobieta/magda-gessler-hejtowana-za-noszenie-maseczki-jej-odpowiedz-zamknela-wszystkim-usta/d2cjlb1,2b83378a"
141,"https://www.onet.pl/sport/przeglad-sportowy/tauron-liga-siatkarek-wilma-salas-kontuzjowana-chemik-bez-liderki/hvjrf3x,5e4c2379"
142,"https://www.onet.pl/informacje/jaw/myslowice-koronawirus-w-kolejnym-przedszkolu/ewr1pnk,30bc1058"
143,"https://www.onet.pl/styl-zycia/aniaradzi/jak-wyczyscic-pralke-prosty-sposob-z-octem/45sg90z,30bc1058"
144,"https://www.onet.pl/film/onetfilm/rodzina-zastepcza-jak-wyglada-dzisiaj-sergiusz-zymelka-czyli-serialowy-filip/9kg3qnm,681c1dfa"
145,"https://www.onet.pl/styl-zycia/psypl/psy-lubia-gdy-sie-usmiechasz-dlaczego/zmg1fsj,30bc1058"
146,"https://www.onet.pl/biznes/socialpress/kolejny-kraj-blokuje-tiktoka-czym-tym-razem-zawinila-aplikacja/ehsvf41,30bc1058"
147,"https://www.onet.pl/sport/onetsport/u-21-polska-bulgaria-transmisja-meczu-online-stream-i-tv-gdzie-ogladac/h0gwhp1,d87b6cc4"
148,"https://www.onet.pl/styl-zycia/damosfera/drugie-zycie-lalki-barbie/vvk81h7,30bc1058"
149,"https://www.onet.pl/styl-zycia/onetzdrowie/jak-sie-uczyc-wskazowki/ldlybb,2b83378a"
150,"https://www.onet.pl/styl-zycia/superpani/masz-odrosty-jest-kilka-sprytnych-sposobow-by-je-szybko-ukryc/dj459tv,30bc1058"
151,"https://www.onet.pl/sport/piastgliwicepl/piast-maszyna-do-zarabiania-pieniedzy/0wstssc,30bc1058"
152,"https://www.onet.pl/sport/onetsport/polska-bulgaria-remis-polakow-walka-o-awans-trwa-el-me-u-21/5lxb2b8,d87b6cc4"
153,"https://www.onet.pl/styl-zycia/onetdom/rolety-zamiast-zaslon-i-firan/rmm11mg,2b83378a"
154,"https://www.onet.pl/film/onetfilm/warszawski-festiwal-filmowy-po-zloto-co-stalo-za-gestem-kozakiewicza/3mzj087,681c1dfa"
155,"https://www.onet.pl/kultura/onetkultura/instytut-polonika-nowa-siedziba-w-zabytkowej-willi-stanislawa-kirkora/x78lgge,681c1dfa"
156,"https://www.onet.pl/turystyka/onetpodroze/polacy-odkryli-nowy-gatunek-prassaka-sprzed-215-mln-lat-przypomina-ryjowke/4n80kn0,07640b54"
